Attribute,Importance
basic_water_access,3.9476926266267345
gghe-d,1.6517594149858486
doctors_per_10000,1.5915281976331375
polio_vacc,1.1072294120297321
gni,0.9366844736069038
age_5-19_thinness,0.8762167681588454
age_5-19_obesity,0.8321871817693203
alcohol,0.7765498684910036
population,0.667026681789763
che_gdp,0.6348191345619071
